<?xml version="1.0" encoding="utf-8" ?>
<dwsync>
<file name="cliser.gif" server="ftp.site1370003822.hospedagemdesites.ws//public_html/appbeta3/docs/" local="130251230196765021" remote="130256330400000000" Dst="1" />
<file name="image001.png" server="ftp.site1370003822.hospedagemdesites.ws//public_html/appbeta3/docs/" local="130251216265107483" remote="130256330400000000" Dst="1" />
<file name="image002.png" server="ftp.site1370003822.hospedagemdesites.ws//public_html/appbeta3/docs/" local="130251216265327504" remote="130256330400000000" Dst="1" />
<file name="image003.png" server="ftp.site1370003822.hospedagemdesites.ws//public_html/appbeta3/docs/" local="130251216265357510" remote="130256330400000000" Dst="1" />
<file name="image005.png" server="ftp.site1370003822.hospedagemdesites.ws//public_html/appbeta3/docs/" local="130251216266307627" remote="130256330400000000" Dst="1" />
<file name="image004.png" server="ftp.site1370003822.hospedagemdesites.ws//public_html/appbeta3/docs/" local="130251216265377515" remote="130256330400000000" Dst="1" />
<file name="image006.png" server="ftp.site1370003822.hospedagemdesites.ws//public_html/appbeta3/docs/" local="130251216266317640" remote="130256330400000000" Dst="1" />
<file name="image007.png" server="ftp.site1370003822.hospedagemdesites.ws//public_html/appbeta3/docs/" local="130251216266417650" remote="130256330400000000" Dst="1" />
<file name="image008.png" server="ftp.site1370003822.hospedagemdesites.ws//public_html/appbeta3/docs/" local="130251216266497653" remote="130256330400000000" Dst="1" />
<file name="image009.png" server="ftp.site1370003822.hospedagemdesites.ws//public_html/appbeta3/docs/" local="130251216266597663" remote="130256330400000000" Dst="1" />
<file name="image010.png" server="ftp.site1370003822.hospedagemdesites.ws//public_html/appbeta3/docs/" local="130251216266697684" remote="130256330400000000" Dst="1" />
<file name="image011.png" server="ftp.site1370003822.hospedagemdesites.ws//public_html/appbeta3/docs/" local="130251216266707690" remote="130256330400000000" Dst="1" />
<file name="image012.png" server="ftp.site1370003822.hospedagemdesites.ws//public_html/appbeta3/docs/" local="130251216266737689" remote="130256330400000000" Dst="1" />
<file name="image014.png" server="ftp.site1370003822.hospedagemdesites.ws//public_html/appbeta3/docs/" local="130251216267107727" remote="130256330400000000" Dst="1" />
<file name="image013.jpg" server="ftp.site1370003822.hospedagemdesites.ws//public_html/appbeta3/docs/" local="130251216267097729" remote="130256330400000000" Dst="1" />
<file name="image015.jpg" server="ftp.site1370003822.hospedagemdesites.ws//public_html/appbeta3/docs/" local="130251216267527790" remote="130256330400000000" Dst="1" />
<file name="image016.png" server="ftp.site1370003822.hospedagemdesites.ws//public_html/appbeta3/docs/" local="130251216267597808" remote="130256330400000000" Dst="1" />
<file name="image018.png" server="ftp.site1370003822.hospedagemdesites.ws//public_html/appbeta3/docs/" local="130251216267977856" remote="130256330400000000" Dst="1" />
<file name="image017.jpg" server="ftp.site1370003822.hospedagemdesites.ws//public_html/appbeta3/docs/" local="130251216267947835" remote="130256330400000000" Dst="1" />
<file name="image019.jpg" server="ftp.site1370003822.hospedagemdesites.ws//public_html/appbeta3/docs/" local="130251216268297891" remote="130256330400000000" Dst="1" />
<file name="image020.png" server="ftp.site1370003822.hospedagemdesites.ws//public_html/appbeta3/docs/" local="130251216269027979" remote="130256330400000000" Dst="1" />
<file name="image021.png" server="ftp.site1370003822.hospedagemdesites.ws//public_html/appbeta3/docs/" local="130251216269047973" remote="130256330400000000" Dst="1" />
<file name="image023.png" server="ftp.site1370003822.hospedagemdesites.ws//public_html/appbeta3/docs/" local="130251216269888078" remote="130256330400000000" Dst="1" />
<file name="image022.jpg" server="ftp.site1370003822.hospedagemdesites.ws//public_html/appbeta3/docs/" local="130251216269278003" remote="130256330400000000" Dst="1" />
<file name="image024.jpg" server="ftp.site1370003822.hospedagemdesites.ws//public_html/appbeta3/docs/" local="130251216270148111" remote="130256330400000000" Dst="1" />
<file name="image025.jpg" server="ftp.site1370003822.hospedagemdesites.ws//public_html/appbeta3/docs/" local="130251216270338136" remote="130256330400000000" Dst="1" />
<file name="image026.png" server="ftp.site1370003822.hospedagemdesites.ws//public_html/appbeta3/docs/" local="130251216270488157" remote="130256330400000000" Dst="1" />
<file name="image027.png" server="ftp.site1370003822.hospedagemdesites.ws//public_html/appbeta3/docs/" local="130251216270518167" remote="130256330400000000" Dst="1" />
<file name="image028.png" server="ftp.site1370003822.hospedagemdesites.ws//public_html/appbeta3/docs/" local="130251216270718184" remote="130256330400000000" Dst="1" />
<file name="image029.png" server="ftp.site1370003822.hospedagemdesites.ws//public_html/appbeta3/docs/" local="130251216270748186" remote="130256330400000000" Dst="1" />
<file name="image030.gif" server="ftp.site1370003822.hospedagemdesites.ws//public_html/appbeta3/docs/" local="130251216270778200" remote="130256330400000000" Dst="1" />
<file name="image031.png" server="ftp.site1370003822.hospedagemdesites.ws//public_html/appbeta3/docs/" local="130251216270828214" remote="130256330400000000" Dst="1" />
<file name="image033.png" server="ftp.site1370003822.hospedagemdesites.ws//public_html/appbeta3/docs/" local="130251216271108240" remote="130256330400000000" Dst="1" />
<file name="image032.jpg" server="ftp.site1370003822.hospedagemdesites.ws//public_html/appbeta3/docs/" local="130251216271098235" remote="130256330400000000" Dst="1" />
<file name="image034.jpg" server="ftp.site1370003822.hospedagemdesites.ws//public_html/appbeta3/docs/" local="130251216271378268" remote="130256330400000000" Dst="1" />
<file name="image035.jpg" server="ftp.site1370003822.hospedagemdesites.ws//public_html/appbeta3/docs/" local="130251216271618297" remote="130256330400000000" Dst="1" />
<file name="image037.png" server="ftp.site1370003822.hospedagemdesites.ws//public_html/appbeta3/docs/" local="130251216272668439" remote="130256330400000000" Dst="1" />
<file name="image036.jpg" server="ftp.site1370003822.hospedagemdesites.ws//public_html/appbeta3/docs/" local="130251216272438405" remote="130256330400000000" Dst="1" />
<file name="image038.gif" server="ftp.site1370003822.hospedagemdesites.ws//public_html/appbeta3/docs/" local="130251216272958488" remote="130256330400000000" Dst="1" />
</dwsync>