<?xml version="1.0" encoding="utf-8" ?>
<dwsync>
<file name="acknowledge.html" server="ftp.site1370003822.hospedagemdesites.ws//public_html/appbeta3/docs/libs/" local="130241772145716376" remote="130242454200000000" Dst="1" />
<file name="reference.html" server="ftp.site1370003822.hospedagemdesites.ws//public_html/appbeta3/docs/libs/" local="130240746333198948" remote="130242454200000000" Dst="1" />
<file name="platforms.html" server="ftp.site1370003822.hospedagemdesites.ws//public_html/appbeta3/docs/libs/" local="130241767228269657" remote="130242454200000000" Dst="1" />
<file name="dependencies.html" server="ftp.site1370003822.hospedagemdesites.ws//public_html/appbeta3/docs/libs/" local="130240737734117960" remote="130242454200000000" Dst="1" />
<file name="application_handlers.html" server="ftp.site1370003822.hospedagemdesites.ws//public_html/appbeta3/docs/libs/" local="130241765532687053" remote="130242454200000000" Dst="1" />
<file name="bibliography.html" server="ftp.site1370003822.hospedagemdesites.ws//public_html/appbeta3/docs/libs/" local="130240747602587278" remote="130242454200000000" Dst="1" />
<file name="env.html" server="ftp.site1370003822.hospedagemdesites.ws//public_html/appbeta3/docs/libs/" local="130240769892234913" remote="130242454200000000" Dst="1" />
<file name="errors.html" server="ftp.site1370003822.hospedagemdesites.ws//public_html/appbeta3/docs/libs/" local="130241769302039753" remote="130242454200000000" Dst="1" />
<file name="examples.html" server="ftp.site1370003822.hospedagemdesites.ws//public_html/appbeta3/docs/libs/" local="130242437927512933" remote="130242454200000000" Dst="1" />
<file name="extended_interface.html" server="ftp.site1370003822.hospedagemdesites.ws//public_html/appbeta3/docs/libs/" local="130241766010000000" remote="130242454200000000" Dst="1" />
<file name="future.html" server="ftp.site1370003822.hospedagemdesites.ws//public_html/appbeta3/docs/libs/" local="130240769985587042" remote="130242454200000000" Dst="1" />
<file name="other_features.html" server="ftp.site1370003822.hospedagemdesites.ws//public_html/appbeta3/docs/libs/" local="130240740867426899" remote="130242454200000000" Dst="1" />
<file name="paths.html" server="ftp.site1370003822.hospedagemdesites.ws//public_html/appbeta3/docs/libs/" local="130240742468421738" remote="130242454200000000" Dst="1" />
<file name="setup.html" server="ftp.site1370003822.hospedagemdesites.ws//public_html/appbeta3/docs/libs/" local="130240741766458511" remote="130242454200000000" Dst="1" />
<file name="shared_library.html" server="ftp.site1370003822.hospedagemdesites.ws//public_html/appbeta3/docs/libs/" local="130240744246695890" remote="130242454200000000" Dst="1" />
<file name="single_instance.html" server="ftp.site1370003822.hospedagemdesites.ws//public_html/appbeta3/docs/libs/" local="130240744897825732" remote="130242454200000000" Dst="1" />
<file name="todo.html" server="ftp.site1370003822.hospedagemdesites.ws//public_html/appbeta3/docs/libs/" local="130240745789304814" remote="130242454200000000" Dst="1" />
<file name="tutorial.html" server="ftp.site1370003822.hospedagemdesites.ws//public_html/appbeta3/docs/libs/" local="130241767227839597" remote="130242454200000000" Dst="1" />
<file name="two_minutes.html" server="ftp.site1370003822.hospedagemdesites.ws//public_html/appbeta3/docs/libs/" local="130240734672639298" remote="130242454200000000" Dst="1" />
<file name="types.html" server="ftp.site1370003822.hospedagemdesites.ws//public_html/appbeta3/docs/libs/" local="130240677152433288" remote="130242454200000000" Dst="1" />
<file name="acknowledge.html" server="ftp.site1370003822.hospedagemdesites.ws//public_html/appbeta3/docs/" local="130241772145716376" remote="130245291600000000" Dst="1" />
<file name="application_handlers.html" server="ftp.site1370003822.hospedagemdesites.ws//public_html/appbeta3/docs/" local="130252793637191691" remote="130252809000000000" Dst="1" />
<file name="bibliography.html" server="ftp.site1370003822.hospedagemdesites.ws//public_html/appbeta3/docs/" local="130245118184996005" remote="130245291000000000" Dst="1" />
<file name="dependencies.html" server="ftp.site1370003822.hospedagemdesites.ws//public_html/appbeta3/docs/" local="130248582491174062" remote="130248609000000000" Dst="1" />
<file name="errors.html" server="ftp.site1370003822.hospedagemdesites.ws//public_html/appbeta3/docs/" local="130253660273463282" remote="130253659800000000" Dst="1" />
<file name="env.html" server="ftp.site1370003822.hospedagemdesites.ws//public_html/appbeta3/docs/" local="130252821010803875" remote="130252828200000000" Dst="1" />
<file name="extended_interface.html" server="ftp.site1370003822.hospedagemdesites.ws//public_html/appbeta3/docs/" local="130252786627277661" remote="130252809000000000" Dst="1" />
<file name="future.html" server="ftp.site1370003822.hospedagemdesites.ws//public_html/appbeta3/docs/" local="130256331209523060" remote="130256331000000000" Dst="1" />
<file name="examples.html" server="ftp.site1370003822.hospedagemdesites.ws//public_html/appbeta3/docs/" local="130256329875457265" remote="130256330400000000" Dst="1" />
<file name="other_features.html" server="ftp.site1370003822.hospedagemdesites.ws//public_html/appbeta3/docs/" local="130248543363167429" remote="130248545400000000" Dst="1" />
<file name="paths.html" server="ftp.site1370003822.hospedagemdesites.ws//public_html/appbeta3/docs/" local="130252816066213957" remote="130252828200000000" Dst="1" />
<file name="platforms.html" server="ftp.site1370003822.hospedagemdesites.ws//public_html/appbeta3/docs/" local="130248583140216780" remote="130248609000000000" Dst="1" />
<file name="reference.html" server="ftp.site1370003822.hospedagemdesites.ws//public_html/appbeta3/docs/" local="130240746333198948" remote="130245291600000000" Dst="1" />
<file name="setup.html" server="ftp.site1370003822.hospedagemdesites.ws//public_html/appbeta3/docs/" local="130252809387999326" remote="130252809000000000" Dst="1" />
<file name="single_instance.html" server="ftp.site1370003822.hospedagemdesites.ws//public_html/appbeta3/docs/" local="130252823851785154" remote="130252828200000000" Dst="1" />
<file name="shared_library.html" server="ftp.site1370003822.hospedagemdesites.ws//public_html/appbeta3/docs/" local="130252794945508075" remote="130252809000000000" Dst="1" />
<file name="todo.html" server="ftp.site1370003822.hospedagemdesites.ws//public_html/appbeta3/docs/" local="130247855769697419" remote="130247883600000000" Dst="1" />
<file name="tutorial.html" server="ftp.site1370003822.hospedagemdesites.ws//public_html/appbeta3/docs/" local="130256329664870498" remote="130256330400000000" Dst="1" />
<file name="two_minutes.html" server="ftp.site1370003822.hospedagemdesites.ws//public_html/appbeta3/docs/" local="130252788250384831" remote="130252809000000000" Dst="1" />
<file name="types.html" server="ftp.site1370003822.hospedagemdesites.ws//public_html/appbeta3/docs/" local="130252784186856198" remote="130252809000000000" Dst="1" />
<file name="internal.html" server="ftp.site1370003822.hospedagemdesites.ws//public_html/appbeta3/docs/" local="130256331322297390" remote="130256331000000000" Dst="1" />
</dwsync>