<?xml version="1.0" encoding="utf-8" ?>
<dwsync>
<file name="common_tutorial_1.cpp" server="ftp.site1370003822.hospedagemdesites.ws//public_html/appbeta3/docs/" local="130240098884027263" remote="130242456000000000" Dst="1" />
<file name="common_tutorial_2.cpp" server="ftp.site1370003822.hospedagemdesites.ws//public_html/appbeta3/docs/" local="130240033695169926" remote="130242456000000000" Dst="1" />
<file name="common_tutorial_3.cpp" server="ftp.site1370003822.hospedagemdesites.ws//public_html/appbeta3/docs/" local="130240098897628992" remote="130242456000000000" Dst="1" />
<file name="common_tutorial_4.cpp" server="ftp.site1370003822.hospedagemdesites.ws//public_html/appbeta3/docs/" local="130240098916434808" remote="130242456000000000" Dst="1" />
<file name="environ_variables.cpp" server="ftp.site1370003822.hospedagemdesites.ws//public_html/appbeta3/docs/" local="130239794197298671" remote="130242456000000000" Dst="1" />
<file name="Jamfile.v2" server="ftp.site1370003822.hospedagemdesites.ws//public_html/appbeta3/docs/" local="130252046616486695" remote="130252047600000000" Dst="1" />
<file name="paths.cpp" server="ftp.site1370003822.hospedagemdesites.ws//public_html/appbeta3/docs/" local="130239820879182822" remote="130242456000000000" Dst="1" />
<file name="plugin_api.hpp" server="ftp.site1370003822.hospedagemdesites.ws//public_html/appbeta3/docs/" local="130239967727313427" remote="130242456000000000" Dst="1" />
<file name="multi_application.cpp" server="ftp.site1370003822.hospedagemdesites.ws//public_html/appbeta3/docs/" local="130242544907727825" remote="130244196000000000" Dst="1" />
<file name="plugin_library.cpp" server="ftp.site1370003822.hospedagemdesites.ws//public_html/appbeta3/docs/" local="130240856037245521" remote="130242456000000000" Dst="1" />
<file name="server_all_handlers.cpp" server="ftp.site1370003822.hospedagemdesites.ws//public_html/appbeta3/docs/" local="130240715672940369" remote="130242456000000000" Dst="1" />
<file name="program_options.cpp" server="ftp.site1370003822.hospedagemdesites.ws//public_html/appbeta3/docs/" local="130240771513792202" remote="130242456000000000" Dst="1" />
<file name="server_tutorial_1.cpp" server="ftp.site1370003822.hospedagemdesites.ws//public_html/appbeta3/docs/" local="130240102776590022" remote="130242456000000000" Dst="1" />
<file name="server_tutorial_2.cpp" server="ftp.site1370003822.hospedagemdesites.ws//public_html/appbeta3/docs/" local="130240110566251233" remote="130242456000000000" Dst="1" />
<file name="shared_library_load_plugin.cpp" server="ftp.site1370003822.hospedagemdesites.ws//public_html/appbeta3/docs/" local="130240085255752313" remote="130242456000000000" Dst="1" />
<file name="simple_common_application_extended_class_interface.cpp" server="ftp.site1370003822.hospedagemdesites.ws//public_html/appbeta3/docs/" local="130239173022319355" remote="130242456000000000" Dst="1" />
<file name="simple_common_application.cpp" server="ftp.site1370003822.hospedagemdesites.ws//public_html/appbeta3/docs/" local="130241736768265640" remote="130242456000000000" Dst="1" />
<file name="simple_server_application.cpp" server="ftp.site1370003822.hospedagemdesites.ws//public_html/appbeta3/docs/" local="130241753006710823" remote="130242456000000000" Dst="1" />
<file name="simple_server_application_extended_class_interface.cpp" server="ftp.site1370003822.hospedagemdesites.ws//public_html/appbeta3/docs/" local="130239791526434990" remote="130242456000000000" Dst="1" />
<file name="single_instance.cpp" server="ftp.site1370003822.hospedagemdesites.ws//public_html/appbeta3/docs/" local="130241742722181294" remote="130242456000000000" Dst="1" />
<file name="test.cpp" server="ftp.site1370003822.hospedagemdesites.ws//public_html/appbeta3/docs/" local="130239078735802287" remote="130242456000000000" Dst="1" />
<file name="windows_service_setup.cpp" server="ftp.site1370003822.hospedagemdesites.ws//public_html/appbeta3/docs/" local="130235678232303785" remote="130242456000000000" Dst="1" />
<file name="work_queue.cpp" server="ftp.site1370003822.hospedagemdesites.ws//public_html/appbeta3/docs/" local="130252046165767941" remote="130252047600000000" Dst="1" />
<file name="work_queue.hpp" server="ftp.site1370003822.hospedagemdesites.ws//public_html/appbeta3/docs/" local="130252045618873304" remote="130252047600000000" Dst="1" />
</dwsync>