<?xml version="1.0" encoding="utf-8" ?>
<dwsync>
<file name="scm.gif" server="ftp.site1370003822.hospedagemdesites.ws//public_html/appbeta3/docs/libs/" local="130228630325612481" remote="130242454200000000" Dst="1" />
<file name="scm.png" server="ftp.site1370003822.hospedagemdesites.ws//public_html/appbeta3/docs/libs/" local="130228630326089275" remote="130242454200000000" Dst="1" />
<file name="scm_pause.gif" server="ftp.site1370003822.hospedagemdesites.ws//public_html/appbeta3/docs/libs/" local="130228630326109293" remote="130242454200000000" Dst="1" />
<file name="scm_stop.gif" server="ftp.site1370003822.hospedagemdesites.ws//public_html/appbeta3/docs/libs/" local="130228630326119288" remote="130242454200000000" Dst="1" />
<file name="terminal.gif" server="ftp.site1370003822.hospedagemdesites.ws//public_html/appbeta3/docs/libs/" local="130228630326139289" remote="130242454200000000" Dst="1" />
<file name="scm.png" server="ftp.site1370003822.hospedagemdesites.ws//public_html/appbeta3/docs/" local="130228630326089275" remote="130242456000000000" Dst="1" />
<file name="scm_pause.gif" server="ftp.site1370003822.hospedagemdesites.ws//public_html/appbeta3/docs/" local="130228630326109293" remote="130242456000000000" Dst="1" />
<file name="scm.gif" server="ftp.site1370003822.hospedagemdesites.ws//public_html/appbeta3/docs/" local="130228630325612481" remote="130242456000000000" Dst="1" />
<file name="scm_stop.gif" server="ftp.site1370003822.hospedagemdesites.ws//public_html/appbeta3/docs/" local="130228630326119288" remote="130242456000000000" Dst="1" />
<file name="terminal.gif" server="ftp.site1370003822.hospedagemdesites.ws//public_html/appbeta3/docs/" local="130228630326139289" remote="130242456000000000" Dst="1" />
<file name="handlers_execution_order.gif" server="ftp.site1370003822.hospedagemdesites.ws//public_html/appbeta3/docs/" local="130251047148437504" remote="130251244200000000" Dst="1" />
<file name="plugin.gif" server="ftp.site1370003822.hospedagemdesites.ws//public_html/appbeta3/docs/" local="130244177867743235" remote="130244196000000000" Dst="1" />
<file name="handlers_execution_order.ai" server="ftp.site1370003822.hospedagemdesites.ws//public_html/appbeta3/docs/" local="130251243610647122" remote="130251244200000000" Dst="1" />
<file name="plugin.ai" server="ftp.site1370003822.hospedagemdesites.ws//public_html/appbeta3/docs/" local="130244301819291563" remote="130245291600000000" Dst="1" />
</dwsync>