<?xml version="1.0" encoding="utf-8" ?>
<dwsync>
<file name="1.png" server="ftp.site1370003822.provisorio.ws//public_html/" local="129462877840000000" remote="130240929600000000" Dst="1" />
<file name="1.svg" server="ftp.site1370003822.provisorio.ws//public_html/" local="129462877840000000" remote="130240929600000000" Dst="1" />
<file name="10.png" server="ftp.site1370003822.provisorio.ws//public_html/" local="129462877840000000" remote="130240929600000000" Dst="1" />
<file name="11.png" server="ftp.site1370003822.provisorio.ws//public_html/" local="129462877840000000" remote="130240929600000000" Dst="1" />
<file name="11.svg" server="ftp.site1370003822.provisorio.ws//public_html/" local="129462877840000000" remote="130240929600000000" Dst="1" />
<file name="10.svg" server="ftp.site1370003822.provisorio.ws//public_html/" local="129462877840000000" remote="130240929600000000" Dst="1" />
<file name="13.png" server="ftp.site1370003822.provisorio.ws//public_html/" local="129462877840000000" remote="130240929600000000" Dst="1" />
<file name="12.svg" server="ftp.site1370003822.provisorio.ws//public_html/" local="129462877840000000" remote="130240929600000000" Dst="1" />
<file name="12.png" server="ftp.site1370003822.provisorio.ws//public_html/" local="129462877840000000" remote="130240929600000000" Dst="1" />
<file name="13.svg" server="ftp.site1370003822.provisorio.ws//public_html/" local="129462877840000000" remote="130240929600000000" Dst="1" />
<file name="14.png" server="ftp.site1370003822.provisorio.ws//public_html/" local="129462877840000000" remote="130240929600000000" Dst="1" />
<file name="14.svg" server="ftp.site1370003822.provisorio.ws//public_html/" local="129462877840000000" remote="130240929600000000" Dst="1" />
<file name="15.png" server="ftp.site1370003822.provisorio.ws//public_html/" local="129462877840000000" remote="130240929600000000" Dst="1" />
<file name="15.svg" server="ftp.site1370003822.provisorio.ws//public_html/" local="129462877840000000" remote="130240929600000000" Dst="1" />
<file name="16.svg" server="ftp.site1370003822.provisorio.ws//public_html/" local="129462877840000000" remote="130240929600000000" Dst="1" />
<file name="17.svg" server="ftp.site1370003822.provisorio.ws//public_html/" local="129462877840000000" remote="130240929600000000" Dst="1" />
<file name="18.svg" server="ftp.site1370003822.provisorio.ws//public_html/" local="129462877840000000" remote="130240929600000000" Dst="1" />
<file name="19.svg" server="ftp.site1370003822.provisorio.ws//public_html/" local="129462877840000000" remote="130240929600000000" Dst="1" />
<file name="2.png" server="ftp.site1370003822.provisorio.ws//public_html/" local="129462877840000000" remote="130240929600000000" Dst="1" />
<file name="2.svg" server="ftp.site1370003822.provisorio.ws//public_html/" local="129462877840000000" remote="130240929600000000" Dst="1" />
<file name="20.svg" server="ftp.site1370003822.provisorio.ws//public_html/" local="129462877840000000" remote="130240929600000000" Dst="1" />
<file name="21.svg" server="ftp.site1370003822.provisorio.ws//public_html/" local="129462877840000000" remote="130240929600000000" Dst="1" />
<file name="22.svg" server="ftp.site1370003822.provisorio.ws//public_html/" local="129462877840000000" remote="130240929600000000" Dst="1" />
<file name="23.svg" server="ftp.site1370003822.provisorio.ws//public_html/" local="129462877840000000" remote="130240929600000000" Dst="1" />
<file name="24.svg" server="ftp.site1370003822.provisorio.ws//public_html/" local="129462877840000000" remote="130240929600000000" Dst="1" />
<file name="25.svg" server="ftp.site1370003822.provisorio.ws//public_html/" local="129462877840000000" remote="130240929600000000" Dst="1" />
<file name="26.svg" server="ftp.site1370003822.provisorio.ws//public_html/" local="129462877840000000" remote="130240929600000000" Dst="1" />
<file name="27.svg" server="ftp.site1370003822.provisorio.ws//public_html/" local="129462877840000000" remote="130240929600000000" Dst="1" />
<file name="28.svg" server="ftp.site1370003822.provisorio.ws//public_html/" local="129462877840000000" remote="130240929600000000" Dst="1" />
<file name="29.svg" server="ftp.site1370003822.provisorio.ws//public_html/" local="129462877840000000" remote="130240929600000000" Dst="1" />
<file name="3.png" server="ftp.site1370003822.provisorio.ws//public_html/" local="129462877840000000" remote="130240929600000000" Dst="1" />
<file name="3.svg" server="ftp.site1370003822.provisorio.ws//public_html/" local="129462877840000000" remote="130240929600000000" Dst="1" />
<file name="30.svg" server="ftp.site1370003822.provisorio.ws//public_html/" local="129462877840000000" remote="130240929600000000" Dst="1" />
<file name="4.png" server="ftp.site1370003822.provisorio.ws//public_html/" local="129462877840000000" remote="130240929600000000" Dst="1" />
<file name="4.svg" server="ftp.site1370003822.provisorio.ws//public_html/" local="129462877840000000" remote="130240929600000000" Dst="1" />
<file name="5.png" server="ftp.site1370003822.provisorio.ws//public_html/" local="129462877840000000" remote="130240929600000000" Dst="1" />
<file name="5.svg" server="ftp.site1370003822.provisorio.ws//public_html/" local="129462877840000000" remote="130240929600000000" Dst="1" />
<file name="6.png" server="ftp.site1370003822.provisorio.ws//public_html/" local="129462877840000000" remote="130240929600000000" Dst="1" />
<file name="6.svg" server="ftp.site1370003822.provisorio.ws//public_html/" local="129462877840000000" remote="130240929600000000" Dst="1" />
<file name="7.png" server="ftp.site1370003822.provisorio.ws//public_html/" local="129462877840000000" remote="130240929600000000" Dst="1" />
<file name="7.svg" server="ftp.site1370003822.provisorio.ws//public_html/" local="129462877840000000" remote="130240929600000000" Dst="1" />
<file name="8.png" server="ftp.site1370003822.provisorio.ws//public_html/" local="129462877840000000" remote="130240929600000000" Dst="1" />
<file name="8.svg" server="ftp.site1370003822.provisorio.ws//public_html/" local="129462877840000000" remote="130240929600000000" Dst="1" />
<file name="9.png" server="ftp.site1370003822.provisorio.ws//public_html/" local="129462877840000000" remote="130240929600000000" Dst="1" />
<file name="9.svg" server="ftp.site1370003822.provisorio.ws//public_html/" local="129462877840000000" remote="130240929600000000" Dst="1" />
</dwsync>