<?xml version="1.0" encoding="utf-8" ?>
<dwsync>
<file name="alert.png" server="ftp.site1370003822.provisorio.ws//public_html/" local="129462877840000000" remote="130240929600000000" Dst="1" />
<file name="blank.png" server="ftp.site1370003822.provisorio.ws//public_html/" local="129462877840000000" remote="130240929600000000" Dst="1" />
<file name="caution.png" server="ftp.site1370003822.provisorio.ws//public_html/" local="129462877840000000" remote="130240929600000000" Dst="1" />
<file name="caution.svg" server="ftp.site1370003822.provisorio.ws//public_html/" local="129462877840000000" remote="130240929600000000" Dst="1" />
<file name="draft.png" server="ftp.site1370003822.provisorio.ws//public_html/" local="129462877840000000" remote="130240929600000000" Dst="1" />
<file name="home.png" server="ftp.site1370003822.provisorio.ws//public_html/" local="129462877840000000" remote="130240930200000000" Dst="1" />
<file name="home.svg" server="ftp.site1370003822.provisorio.ws//public_html/" local="129462877840000000" remote="130240930200000000" Dst="1" />
<file name="important.png" server="ftp.site1370003822.provisorio.ws//public_html/" local="129462877840000000" remote="130240930200000000" Dst="1" />
<file name="next.png" server="ftp.site1370003822.provisorio.ws//public_html/" local="129462877840000000" remote="130240930200000000" Dst="1" />
<file name="important.svg" server="ftp.site1370003822.provisorio.ws//public_html/" local="129462877840000000" remote="130240930200000000" Dst="1" />
<file name="next.svg" server="ftp.site1370003822.provisorio.ws//public_html/" local="129462877840000000" remote="130240930200000000" Dst="1" />
<file name="note.png" server="ftp.site1370003822.provisorio.ws//public_html/" local="129462877840000000" remote="130240930200000000" Dst="1" />
<file name="next_disabled.png" server="ftp.site1370003822.provisorio.ws//public_html/" local="129462877840000000" remote="130240930200000000" Dst="1" />
<file name="note.svg" server="ftp.site1370003822.provisorio.ws//public_html/" local="129462877840000000" remote="130240930200000000" Dst="1" />
<file name="prev.png" server="ftp.site1370003822.provisorio.ws//public_html/" local="129462877840000000" remote="130240930200000000" Dst="1" />
<file name="prev.svg" server="ftp.site1370003822.provisorio.ws//public_html/" local="129462877840000000" remote="130240930200000000" Dst="1" />
<file name="prev_disabled.png" server="ftp.site1370003822.provisorio.ws//public_html/" local="129462877840000000" remote="130240930200000000" Dst="1" />
<file name="smiley.png" server="ftp.site1370003822.provisorio.ws//public_html/" local="129462877840000000" remote="130240930200000000" Dst="1" />
<file name="tip.png" server="ftp.site1370003822.provisorio.ws//public_html/" local="129462877840000000" remote="130240930200000000" Dst="1" />
<file name="toc-minus.png" server="ftp.site1370003822.provisorio.ws//public_html/" local="129462877840000000" remote="130240930200000000" Dst="1" />
<file name="tip.svg" server="ftp.site1370003822.provisorio.ws//public_html/" local="129462877840000000" remote="130240930200000000" Dst="1" />
<file name="toc-blank.png" server="ftp.site1370003822.provisorio.ws//public_html/" local="129462877840000000" remote="130240930200000000" Dst="1" />
<file name="toc-plus.png" server="ftp.site1370003822.provisorio.ws//public_html/" local="129462877840000000" remote="130240930200000000" Dst="1" />
<file name="up.png" server="ftp.site1370003822.provisorio.ws//public_html/" local="129462877840000000" remote="130240930200000000" Dst="1" />
<file name="up.svg" server="ftp.site1370003822.provisorio.ws//public_html/" local="129462877840000000" remote="130240930200000000" Dst="1" />
<file name="warning.png" server="ftp.site1370003822.provisorio.ws//public_html/" local="129462877840000000" remote="130240930200000000" Dst="1" />
<file name="warning.svg" server="ftp.site1370003822.provisorio.ws//public_html/" local="129462877840000000" remote="130240930200000000" Dst="1" />
<file name="up_disabled.png" server="ftp.site1370003822.provisorio.ws//public_html/" local="129462877840000000" remote="130240930200000000" Dst="1" />
<file name="next.png" server="ftp.site1370003822.hospedagemdesites.ws//public_html/appbeta3/docs/libs/" local="129462877840000000" remote="130242454200000000" Dst="1" />
<file name="next.png" server="ftp.site1370003822.hospedagemdesites.ws//public_html/appbeta3/docs/" local="129462877840000000" remote="130242457800000000" Dst="1" />
<file name="prev.png" server="ftp.site1370003822.hospedagemdesites.ws//public_html/appbeta3/docs/" local="129462877840000000" remote="130242457800000000" Dst="1" />
<file name="up.png" server="ftp.site1370003822.hospedagemdesites.ws//public_html/appbeta3/docs/" local="129462877840000000" remote="130242457800000000" Dst="1" />
<file name="home.png" server="ftp.site1370003822.hospedagemdesites.ws//public_html/appbeta3/docs/" local="129462877840000000" remote="130242457800000000" Dst="1" />
<file name="note.png" server="ftp.site1370003822.hospedagemdesites.ws//public_html/appbeta3/docs/" local="129462877840000000" remote="130244196000000000" Dst="1" />
<file name="warning.png" server="ftp.site1370003822.hospedagemdesites.ws//public_html/appbeta3/docs/" local="129462877840000000" remote="130244196000000000" Dst="1" />
<file name="tip.png" server="ftp.site1370003822.hospedagemdesites.ws//public_html/appbeta3/docs/" local="129462877840000000" remote="130252809000000000" Dst="1" />
</dwsync>